Akachauhan
akachauhan@deloitte.com<mailto:akachauhan@deloitte.com>
Alec Gavlik Schmidtetter
aschmidtetter@deloitte.com<mailto:aschmidtetter@deloitte.com>
Anaigoundanpudur Karthikeyan, Naveenaa
nanaigoundanpudurkar@deloitte.nl<mailto:nanaigoundanpudurkar@deloitte.nl>
Bhat, Shirin
shirbhat@deloitte.com<mailto:shirbhat@deloitte.com>
Cschappin
cschappin@deloitte.nl<mailto:cschappin@deloitte.nl>
Daugherty, Nicholas (US - New York)
ndaugherty@deloitte.com<mailto:ndaugherty@deloitte.com>
Divandam
divandam@deloitte.nl<mailto:divandam@deloitte.nl>
Duygu Özden
dozden@deloitte.nl<mailto:dozden@deloitte.nl>
Ebachert
ebachert@deloitte.com<mailto:ebachert@deloitte.com>
Ekummer
ekummer@deloitte.nl<mailto:ekummer@deloitte.nl>
Fbiayi
fbiayi@deloitte.com<mailto:fbiayi@deloitte.com>
Gandhi, Hiten (US - Hyderabad)
higandhi@deloitte.com<mailto:higandhi@deloitte.com>
Ghazanfar, Uzma (US - Minneapolis)
ughazanfar@deloitte.com<mailto:ughazanfar@deloitte.com>
Gupta, Ananti
anagupta@deloitte.com<mailto:anagupta@deloitte.com>
Gupta, Vidhi S
vidhgupta@deloitte.com<mailto:vidhgupta@deloitte.com>
Jofarrill
jofarrill@deloitte.com<mailto:jofarrill@deloitte.com>
Kapila Ravi Chandra, Alamuru
akapilaravichandr@deloitte.com<mailto:akapilaravichandr@deloitte.com>
Pbaliramgupta
pbaliramgupta@deloitte.com<mailto:pbaliramgupta@deloitte.com>
Prmulay
prmulay@deloitte.com<mailto:prmulay@deloitte.com>
Raghupathy, Bhargavi (US - Orlando Delivery)
braghupathy@deloitte.com<mailto:braghupathy@deloitte.com>
Rmallula
rmallula@deloitte.com<mailto:rmallula@deloitte.com>
Satish Sadasivan
ssadasivan@deloitte.com<mailto:ssadasivan@deloitte.com>
siddkantroo
skantroo@deloitte.com<mailto:skantroo@deloitte.com>
Vijayakumar, Vaishnav (US - Chicago)
vvijayakumar@deloitte.com<mailto:vvijayakumar@deloitte.com>
Vikrmitra
vikrmitra@deloitte.com<mailto:vikrmitra@deloitte.com>
Anickerson
anickerson@deloitte.com<mailto:anickerson@deloitte.com>
Aysen, Miray
maysen@deloitte.nl<mailto:maysen@deloitte.nl>
Cecilia Piehl
cpiehl@deloitte.com<mailto:cpiehl@deloitte.com>
Cfinkenbeiner
cfinkenbeiner@deloitte.com<mailto:cfinkenbeiner@deloitte.com>
Dewarner
dewarner@deloitte.ca<mailto:dewarner@deloitte.ca>
George Varkey
gvarkey@deloitte.com<mailto:gvarkey@deloitte.com>
Hartenstein, Jamal
jhartenstein@deloitte.com<mailto:jhartenstein@deloitte.com>
Hussain, Insiyah
inhussain@deloitte.ca<mailto:inhussain@deloitte.ca>
Itan Barmes
ibarmes@deloitte.nl<mailto:ibarmes@deloitte.nl>
Mvivekanandan
mvivekanandan@deloitte.com<mailto:mvivekanandan@deloitte.com>
Namanpreet Singh
namansingh@deloitte.com<mailto:namansingh@deloitte.com>
Rpielage
rpielage@deloitte.nl<mailto:rpielage@deloitte.nl>
Zkatz
zkatz@deloitte.com<mailto:zkatz@deloitte.com>
Bob Brown
bobbrown@deloitte.com<mailto:bobbrown@deloitte.com>
Amitsingh93
amitsingh93@deloitte.com<mailto:amitsingh93@deloitte.com>
Breeze, Dominic (US - Hermitage)
dbreeze@deloitte.com<mailto:dbreeze@deloitte.com>
James Dy
jdy@deloitte.ca<mailto:jdy@deloitte.ca>
Jan Pernicka
japernicka@deloitte.com<mailto:japernicka@deloitte.com>
P, Rakesh Sekhar
rakeshsp@deloitte.com<mailto:rakeshsp@deloitte.com>
Postmaster
postmaster@deloitte.com<mailto:postmaster@deloitte.com>
Rajasekar Rajagopal (US - Hermitage)
rajrajagopal@deloitte.com<mailto:rajrajagopal@deloitte.com>
Sandeep D Menon, (US - Hyderabad)
sandmenon@deloitte.com<mailto:sandmenon@deloitte.com>
Sandeep Menon
sanmenon@deloitte.de<mailto:sanmenon@deloitte.de>
Scott Johnson
sjohnson@deloitte.com<mailto:sjohnson@deloitte.com>
Seth Cohen
sethcohen@deloitte.com<mailto:sethcohen@deloitte.com>
Wellin, Eric (US - Chicago)
ewellin@deloitte.com<mailto:ewellin@deloitte.com>
Adityapsharma
adityapsharma@deloitte.com<mailto:adityapsharma@deloitte.com>
Aman Baranwal
ambaranwal@deloitte.com<mailto:ambaranwal@deloitte.com>
Andrew Ojha
andojha@deloitte.ca<mailto:andojha@deloitte.ca>
Anubhav Sharma
anubsharma@deloitte.com<mailto:anubsharma@deloitte.com>
Bantourakis, Stelios
sbantourakis@deloitte.nl<mailto:sbantourakis@deloitte.nl>
Bryan Chua
brchua@deloitte.com<mailto:brchua@deloitte.com>
Cary Weatherhead
cweatherhead@deloitte.com<mailto:cweatherhead@deloitte.com>
Cocooper
cocooper@deloitte.com<mailto:cocooper@deloitte.com>
Connelly, Michael Gerard
michconnelly@deloitte.com<mailto:michconnelly@deloitte.com>
Dadam
dadam@deloitte.com<mailto:dadam@deloitte.com>
Dgandotra
dgandotra@deloitte.ca<mailto:dgandotra@deloitte.ca>
Faruque, Nawar
nfaruque@deloitte.com<mailto:nfaruque@deloitte.com>
Francis Williams
frawilliams@deloitte.com<mailto:frawilliams@deloitte.com>
Henri Leigh
hleigh@deloitte.com<mailto:hleigh@deloitte.com>
Jay Koby
jkoby@deloitte.com<mailto:jkoby@deloitte.com>
Jereme Murray
jermurray@deloitte.com<mailto:jermurray@deloitte.com>
Jkremers
jkremers@deloitte.nl<mailto:jkremers@deloitte.nl>
Karnik, Aalok (US - San Jose)
akarnik@deloitte.com<mailto:akarnik@deloitte.com>
Kharkin, Vadym (UA - Kyiv)
vkharkin@deloitte.ua<mailto:vkharkin@deloitte.ua>
Krishna Chaitanya Katragadda
krkatragadda@deloitte.com<mailto:krkatragadda@deloitte.com>
Kumar, Akhil (US - Delhi)
akhilkumar9@deloitte.com<mailto:akhilkumar9@deloitte.com>
Maashokan
maashokan@deloitte.com<mailto:maashokan@deloitte.com>
Maharajan, Paul
pmaharajan@deloitte.nl<mailto:pmaharajan@deloitte.nl>
Mali Yared
myared@deloitte.com<mailto:myared@deloitte.com>
McGrath, Jeff (CA - Toronto)
jmcgrath@deloitte.ca<mailto:jmcgrath@deloitte.ca>
Mendieta, Amanda (US - Houston)
amendieta@deloitte.com<mailto:amendieta@deloitte.com>
Michael van Ommen
mvanommen@deloitte.com<mailto:mvanommen@deloitte.com>
Pchander
pchander@deloitte.ca<mailto:pchander@deloitte.ca>
Phamidi
phamidi@deloitte.ca<mailto:phamidi@deloitte.ca>
Sahoo, Sudip
sudsahoo@deloitte.com<mailto:sudsahoo@deloitte.com>
Sarkar, Anjishnu
anjishnu@deloitte.com<mailto:anjishnu@deloitte.com>
Sasadova
sasadova@deloitte.nl<mailto:sasadova@deloitte.nl>
Schoudhary
schoudhary@deloitte.com<mailto:schoudhary@deloitte.com>
Shsareen
shsareen@deloitte.com<mailto:shsareen@deloitte.com>
Skasiviswanathanrama
skasiviswanathanrama@deloitte.de<mailto:skasiviswanathanrama@deloitte.de>
Sreenadh, Sadasivuni
ssreenadh@deloitte.com<mailto:ssreenadh@deloitte.com>
Szakersoltani
szakersoltani@deloitte.nl<mailto:szakersoltani@deloitte.nl>
Tarun Repala
trepala@deloitte.com<mailto:trepala@deloitte.com>
Thorsten Magas
tmagas@deloitte.de<mailto:tmagas@deloitte.de>
Tpfann
tpfann@deloitte.nl<mailto:tpfann@deloitte.nl>
Vhaksar
vhaksar@deloitte.com<mailto:vhaksar@deloitte.com>
Zanino, Michael
mzanino@deloitte.com<mailto:mzanino@deloitte.com>